Order,Latin_binomial,Ancestor_or_closest_mainland_relative,Body_mass_mainland_taxon,Body_mass_island_taxon,Size_ratio,Log_Size_ratio,Magnitude_body_size_change,Direction_body_size_change,Island,IUCN_Category,Endemism,Source,Notes
Chiroptera,Acerodon_jubatus_lucifer,Acerodon_jubatus_jubatus,1075,704.0435012,0.654924187,-0.18380897,0.18380897,dwarfism,Panay,EX,yes,Lomolino et al. 2013,Populations recognized as A. jubatus (Acerodon lucifer) are now extinct (it was included in the former extant populations dataset of Lomolino et al. 2013)
Pilosa,Acratocnus_antillensis,,,26250,,,,,Cuba,EP,yes,Turvey & Fritz 2011: Turvey et al. 2021,
Pilosa,Acratocnus_odontrigonus,,,22990,,,,,Puerto Rico,EP,yes,Faurby et al. 2020: Turvey et al. 2021,
Pilosa,Acratocnus_simorhynchus,,,16380,,,,,Hispaniola,EP,yes,Turvey & Fritz 2011: Turvey et al. 2021,
Pilosa,Acratocnus_ye,,,21310,,,,,Hispaniola,EP,yes,Faurby et al. 2020: Turvey et al. 2021,
Rodentia,Agathaeromys_donovani,,,78,,,,,Bonaire,EP,yes,Lomolino et al. 2013: Zijlstra et al. 2010,
Rodentia,Agathaeromys_praeuniversitatis,Agathaeromys_donovani,78,23,0.294871795,-0.530366767,0.530366767,dwarfism,Bonaire,EP,yes,Lomolino et al. 2013: Zijlstra et al. 2010,
Carnivora,Algarolutra_majori,Lutra_simplicidens,6370,5690,0.893249608,-0.049027166,0.049027166,dwarfism,Sardinia,EP,yes,Lomolino et al. 2013: Lyras et al. 2010,
Rodentia,Amblyrhiza_inundata,mean_body_mass_of_South_American_echimyids,320,93325.4,291.641875,2.464849882,2.464849882,gigantism,Anguilla: St Martin: Ile Coco (St Barthelemy),EP,yes,Woods et al. 2021: Faurby et al. 2020,
Rodentia,Antillomys_rayi,Oryzomys_albigularis,90.32,280,3.100088574,0.491374102,0.491374102,gigantism,Antigua: Barbuda: Marie-Galante: Grande-Terre: Basse-Terre: La Désirade,EP,yes,Turvey et al. 2021: Mistretta et al. 2021: Van den Hoek Ostende et al. 2017,Synonym = Ekbletomys hypenemus (see Turvey et al. 2017)
Primates,Antillothrix_bernensis,,,4570,,,,,Hispaniola,EP,yes,Faurby et al. 2020: Turvey et al. 2021,
Rodentia,Apocricetus_darderi,Apocricetus_alberti,,,1.93,0.285557309,0.285557309,gigantism,Mallorca,EP,yes,Torres-Roig et al. 2019a: Mansino et al. 2014,Body size ratio based on length of M1: it was obtained from linear measures so it was cubed (see Meiri et al 2008: Lomolino 1985)
Rodentia,Apodemus_mystacinus_FOSSIL,Apodemus_mystacinus,,46,1,0,0,no_change,Naxos,EP,yes,Van den Hoek Ostende et al. 2017,
Primates,Archaeoindris_fontoynonti,,,161200,,,,,Madagascar,EP,yes,Van der Geer et al. 2011,
Primates,Archaeolemur_edwardsi,,,26500,,,,,Madagascar,EP,yes,Van der Geer et al. 2011,
Primates,Archaeolemur_majori,,,18200,,,,,Madagascar,EP,yes,Van der Geer et al. 2011,
Chiroptera,Artibeus_anthonyi,,,55.2,,,,,Cuba,EP,yes,Faurby et al. 2020,
Eulipotyphla,Asoriculus_burgioi,Asoriculus_gibberodon,8.85,27.54,3.111864407,0.493020665,0.493020665,gigantism,Sicily,EP,yes,Moncunill-Solé et al. 2016c,
Eulipotyphla,Asoriculus_corsicanus,Asoriculus_gibberodon,8.85,30,3.389830508,0.530177984,0.530177984,gigantism,Corsica,EP,yes,Turvey & Fritz 2011,
Eulipotyphla,Asoriculus_similis,Asoriculus_gibberodon,8.85,23.68,2.675706215,0.427438427,0.427438427,gigantism,Sardinia,EP,yes,Moncunill-Solé et al. 2016c,
Artiodactyla,Axis_lydekkeri,,,28000,,,,,Java,EP,yes,Volmer et al. 2019,
Primates,Babakotia_radofilai,,,20700,,,,,Madagascar,EP,yes,Van der Geer et al. 2011,
Rodentia,Batomys_cagayanensis,,,398.7,,,,,Luzon,EP,yes,Ochoa 2019: Ochoa et al. 2021,New species from Callao Cave (Heaney et al. 2011)
Artiodactyla,Bibos_palaesondaicus,Bos_palaeogauros,707945.8,530959.35,0.75,-0.124938737,0.124938737,dwarfism,Java,EP,yes,Rozzi 2018,
Artiodactyla,Bison_priscus_siciliae,Bison_priscus,891251,499100.56,0.56,-0.251811973,0.251811973,dwarfism,Sicily,EP,yes,Rozzi 2018,
Artiodactyla,Bison_sp_Hondo,Bison_priscus,891251,1586426.78,1.78,0.250420002,0.250420002,gigantism,Honshu: Shikoku: Kyushu,EP,yes,Rozzi 2018,
Rodentia,Boromys_offella,mean_body_mass_of_South_American_echimyids,320,320,1,0,0,no_change,Cuba: Isla de la Juventud,EX,yes,Woods et al. 2021: Faurby et al. 2020: Turvey et al. 2021,
Rodentia,Boromys_torrei,mean_body_mass_of_South_American_echimyids,320,120,0.375,-0.425968732,0.425968732,dwarfism,Cuba: Isla de la Juventud,EX,yes,Woods et al. 2021: Faurby et al. 2020: Turvey et al. 2021,
Artiodactyla,Bos_primigenius_bubaloides,Bos_primigenius,1000000,420000,0.42,-0.37675071,0.37675071,dwarfism,Pianosa,EP,yes,Rozzi 2018,
Artiodactyla,Bos_primigenius_siciliae,Bos_primigenius,1000000,510000,0.51,-0.292429824,0.292429824,dwarfism,Sicily,EP,yes,Rozzi 2018,
Artiodactyla,Bos_sp_Malta,Bos_primigenius_siciliae,510000,504900,0.99,-0.004364805,0.004364805,dwarfism,Malta,EP,yes,Rozzi 2018,
Rodentia,Brachytarsomys_mahajambaensis,,,170.0059701,,,,,Madagascar,EP,yes,Mein et al. 2010,Only dental measurements are available and no equations are available to estimate body mass from those measurements (there are equations based on area m1 but tend to overestimate body mass in taxa in which m1 is enlarged or reduced and another available equation is based on lower tooth length or area = Hopins 2008: unfortunately no m1-m3 length for B. mahajambaensis): Body mass estimate obtained by comparing M1-M3 length of B. mahajambaensis (678 mm: Mein et al 2010) extant B. albicauda (8 mm: Mein et al 2010) and B. villosa (875 mm: Mein et al 2010) and body mass of B. albicauda (200g: Faurby et al 2020) and B. villosa (220g: Faurby et al 2020): we assumed isometric scaling of M1-M3 length with body mass
Rodentia,Brotomys_contractus,mean_body_mass_of_South_American_echimyids,320,120,0.375,-0.425968732,0.425968732,dwarfism,Hispaniola,EP,yes,Woods et al. 2021: Faurby et al. 2020: Turvey et al. 2021,
Rodentia,Brotomys_voratus,mean_body_mass_of_South_American_echimyids,320,400,1.25,0.096910013,0.096910013,gigantism,Hispaniola,EX,yes,Woods et al. 2021: Turvey & Fritz 2011: Turvey et al. 2021,
Artiodactyla,Bubalus_cebuensis,Bubalus_arnee,1072000,160799.9992,0.149999999,-0.823908741,0.823908741,dwarfism,Cebu,EP,yes,Rozzi 2018,
Artiodactyla,Bubalus_grovesi,Bubalus_arnee,1072000,117920,0.11,-0.958607315,0.958607315,dwarfism,Sulawesi,EP,yes,Rozzi 2018,
Artiodactyla,Bubalus_palaeokerabau,Bubalus_arnee,1072000,1189920,1.11,0.045322979,0.045322979,gigantism,Java,EP,yes,Rozzi 2018,
Artiodactyla,Bubalus_sp_Hondo,Bubalus_arnee,1072000,686080,0.64,-0.193820026,0.193820026,dwarfism,Honshu: Shikoku: Kyushu,EP,yes,Rozzi 2018,
Artiodactyla,Bubalus_sp_Luzon,Bubalus_arnee,1072000,160800,0.15,-0.823908741,0.823908741,dwarfism,Luzon,EP,yes,Kouvari & Van der Geer 2018: Rozzi 2018,
Artiodactyla,Bubalus_sp_Taiwan,Bubalus_arnee,1072000,975520,0.91,-0.040958608,0.040958608,dwarfism,Taiwan,EP,yes,Rozzi 2018,
Rodentia,Canariomys_bravoi,Arvicanthis_niloticus,114,1571,13.78070175,1.139271334,1.139271334,gigantism,Tenerife,EP,yes,Renom et al. 2021: Van den Hoek Ostende et al. 2017: Moncunill-Solé et al. 2014,
Rodentia,Canariomys_tamarani,Arvicanthis_niloticus,114,1000,8.771929825,0.943095149,0.943095149,gigantism,Gran Canaria,EP,yes,Renom et al. 2021: Van den Hoek Ostende et al. 2017: Moncunill-Solé et al. 2014,
Artiodactyla,Candiacervus_cerigensis,Candiacervus_sp,90000,64800,0.72,-0.142667504,0.142667504,dwarfism,Karpathos-Kassos,EP,yes,Kouvari & Van der Geer 2018,
Artiodactyla,Candiacervus_cretensis,Candiacervus_sp,90000,64800,0.72,-0.142667504,0.142667504,dwarfism,Crete,EP,yes,Van der Geer own data,Mean body mass estimate based on measurements of postcranial elements and equations for deer in Scott 1990
Artiodactyla,Candiacervus_dorothensis,Candiacervus_sp,90000,168300,1.87,0.271841607,0.271841607,gigantism,Crete,EP,yes,Van der Geer own data,Mean body mass estimate based on measurements of postcranial elements and equations for deer in Scott 1990
Artiodactyla,Candiacervus_major,Candiacervus_sp,90000,227700,2.53,0.403120521,0.403120521,gigantism,Crete,EP,yes,Van der Geer own data,Mean body mass estimate based on measurements of postcranial elements and equations for deer in Scott 1990
Artiodactyla,Candiacervus_rethymnensis,Candiacervus_sp,90000,98100,1.09,0.037426498,0.037426498,gigantism,Crete,EP,yes,Van der Geer own data,Mean body mass estimate based on measurements of postcranial elements and equations for deer in Scott 1990
Artiodactyla,Candiacervus_ropalophorus,Candiacervus_sp,90000,29700,0.33,-0.48148606,0.48148606,dwarfism,Crete,EP,yes,Van der Geer own data,Mean body mass estimate based on measurements of postcranial elements and equations for deer in Scott 1990
Artiodactyla,Candiacervus_sp_II,Candiacervus_sp,90000,46800,0.52,-0.283996656,0.283996656,dwarfism,Crete,EP,yes,Van der Geer own data,Mean body mass estimate based on measurements of postcranial elements and equations for deer in Scott 1990
Artiodactyla,Capreolus_miyakoensis,Capreolus_pygargus,43752.2,60542.86541,1.38376734,0.141063076,0.141063076,gigantism,Miyako,EP,yes,Sawaura et al own data,Mean body mass estimate based on midshaft diameter of femur and equation in Scott 1990 (Cervids only equation)
Artiodactyla,Capricornis_sp_Hondo,Capricornis_sumatraensis,104712.8548,56544.94159,0.54,-0.26760624,0.26760624,dwarfism,Honshu: Shikoku: Kyushu,EP,yes,Rozzi 2018,
Artiodactyla,Capricornis_sumatraensis_FOSSIL,Capricornis_sumatraensis,104712.8548,131938.1971,1.26,0.100370545,0.100370545,gigantism,Java,EP,yes,Rozzi 2018,Extant species but we report mean body mass estimated from fossil remains (excluding recent remains): therefore it is listed here as a different extinct taxon
Rodentia,Capromys_pilorides_FOSSIL,mean_body_mass_of_South_American_echimyids,320,3360,10.5,1.021189299,1.021189299,gigantism,Cayo Blanco: Cayo Juan García: Cayo Mono: Cayo Real: Cayeria Los Majaes,EX,yes,Turvey et al. 2021,Extant species but we report median body mass estimate from extinct populations (Turvey et al 2021): therefore it is listed here as a different extinct taxon
Rodentia,Capromys_pilorides_lewisi,mean_body_mass_of_South_American_echimyids,320,1980,6.1875,0.791515212,0.791515212,gigantism,Cayman Brac: Little Cayman: Grand Cayman,EP,yes,Woods et al. 2021: Morgan et al. 2019: Turvey et al. 2021,
Rodentia,Caribeomys_merzeraudi,,,100,,,,,Puerto Rico,EP,yes,Marivaux et al. 2021,
Rodentia,Carpomys_dakal,,,1009.67,,,,,Luzon,EP,yes,Ochoa 2019: Ochoa et al. 2021,New species from Musang Cave and Minori Cave 
Rodentia,Caviida_incertae_sedis_Jamaica,,,97010,,,,,Jamaica,EP,yes,Turvey et al. 2021,
Artiodactyla,Celebochoerus_cagayanensis,,,44527.35,,,,,Luzon,EP,yes,Ingicco et al. 2016,Same size as the smallest (youngest) specimens of C. heekereni: based on the plot of M3 in Ingicco et al 2016 C. cagayanensis has a body mass in between that of extant Sus philippensis and Sus oliveri: we select mean body mass value between body mass of Sus philippensis and S. oliveri
Artiodactyla,Celebochoerus_heekereni,,,72789.725,,,,,Sulawesi,EP,yes,Ingicco et al. 2016,Very wide range as it has progressively evolved smaller body mass over time: based on the youngest specimens it has the same body mass of C. cagayanensis: based on the oldest it approaches the size of S. scrofa (see M3 plot in Ingicco et al 2016): we select mean body mass estimate = mean value between body masses of C. cagayanensis and S. scrofa
Artiodactyla,Cervus_astylodon,,,16477,,,,,Okinawa,EP,yes,Hayashi et al. 2020,Mean body mass estimate based on midshaft diameter of tibia and femur and equation of Scott 1990 
Artiodactyla,Cervus_elaphus_FOSSIL,Cervus_elaphus,225000,61000,0.271111111,-0.566852683,0.566852683,dwarfism,Malta,EP,yes,Lomolino et al. 2013,Extant species but we report mean body mass estimated from fossil remains (excluding recent remains): therefore it is listed here as a different extinct taxon
Artiodactyla,Cervus_elaphus_rossii,Cervus_elaphus,225000,225000,1,0,0,no_change,Corsica,EP,yes,Pereira 2001,
Artiodactyla,Cervus_elaphus_siciliae,Cervus_elaphus,225000,102000,0.453333333,-0.343582346,0.343582346,dwarfism,Sicily,EP,yes,Lomolino et al. 2013,
Artiodactyla,Cervus_praenipponicus,,,83263.12488,,,,,Honshu,EP,yes,Kubo own data,Mean body mass estimate based on diameter of metacarpal and equation in Scott 1990 
Carnivora,Chasmaporthetes_melei,Chasmaporthetes_lunensis,,41705.1,0.86,-0.065501549,0.065501549,dwarfism,Corsica: Sardinia,EP,yes,Lyras et al. 2010: Rook et al. 2004,Body size ratio based on length of P4 (Lyras et al 2010): Body mass estimate of Hyaena hyaena from Rook et al. 2004
Rodentia,Clidomys_osborni,,,18020,,,,,Jamaica,EP,yes,Turvey & Fritz 2011: Turvey et al. 2021,
Rodentia,Cordimus_debuisonjei,Copemys,29.175764,26.936994,0.923266105,-0.034673108,0.034673108,dwarfism,Curaçao,EP,yes,Van den Hoek Ostende et al. 2017: Zijlstra et al. 2014: Ronez et al. 2020,Mean body mass estimates of island species and Copemys loxodon based on the equation of Hopkins (2008) for Sigmodontinae [ln (body mass in g) = 3.1078*ln (lower tooth row length in mm) – 1.0419]
Rodentia,Cordimus_hooijeri,Copemys,29.175764,30.963826,1.061285867,0.025832381,0.025832381,gigantism,Bonaire,EP,yes,Van den Hoek Ostende et al. 2017: Zijlstra et al. 2014: Ronez et al. 2020,Mean body mass estimates of island species and Copemys loxodon based on the equation of Hopkins (2008) for Sigmodontinae [ln (body mass in g) = 3.1078*ln (lower tooth row length in mm) – 1.0419]
Rodentia,Cordimus_raton,Copemys,29.175764,41.582745,1.425249567,0.153890918,0.153890918,gigantism,Curaçao,EP,yes,Van den Hoek Ostende et al. 2017: Zijlstra et al. 2014: Ronez et al. 2020,Mean body mass estimates of island species and Copemys loxodon based on the equation of Hopkins (2008) for Sigmodontinae [ln (body mass in g) = 3.1078*ln (lower tooth row length in mm) – 1.0419]
Rodentia,Coryphomys_buehleri,,,1666.3,,,,,Timor,EX,yes,Aplin & Helgen 2010: Turvey et al. 2017,
Rodentia,Coryphomys_musseri,,,1352.8,,,,,Timor,EP,yes,Aplin & Helgen 2010: Turvey et al. 2017,
Rodentia,Crateromys_ballik,,,835.9,,,,,Luzon,EP,yes,Ochoa 2019: Ochoa et al. 2021,New species from Minori Cave 
Eulipotyphla,Crocidura_sicula_esuae,Crocidura_kornfeldi,8.5,9.5,1.117647059,0.04830468,0.04830468,gigantism,Sicily,EP,yes,Moncunill-Solé et al. 2016c,
Eulipotyphla,Crocidura_sicula_sicula_FOSSIL,Crocidura_kornfeldi,8.5,8.65,1.017647059,0.007597182,0.007597182,gigantism,Sicily,EP,yes,Moncunill-Solé et al. 2016c,Extant species but we report mean body mass estimated from fossil remains (excluding recent remains): therefore it is listed here as a different extinct taxon
Eulipotyphla,Crocidura_zimmermanni_FOSSIL,Crocidura_kornfeldi,8.5,8.79,1.034117647,0.014569949,0.014569949,gigantism,Crete,EP,yes,Moncunill-Solé et al 2016c,Extant species but we report mean body mass estimated from fossil remains (excluding recent remains): therefore it is listed here as a different extinct taxon
Carnivora,Cryptoprocta_sp_new,,,29.5,,,,,Madagascar,EP,yes,Lewis et al. 2020,Extinction date based on PyRate analyses = EP
Carnivora,Cryptoprocta_spelea,,,17000,,,,,Madagascar,EX,yes,Faurby et al. 2020,
Carnivora,Cuon_alpinus_FOSSIL,,,20000,,,,,Java,EP,yes,Volmer et al. 2019,Extant species but we report mean body mass estimated from fossil remains (excluding recent remains): therefore it is listed here as a different extinct taxon
Carnivora,Cuon_priscus,,,26000,,,,,Java,EP,yes,Volmer et al. 2019,
Carnivora,Cynotherium_malatestai,Xenocyon_lycaonoides,26580,5582.378696,0.210021772,-0.677735682,0.677735682,dwarfism,Sardinia,EP,yes,Madurell-Malapeira et al. 2015: Lyras et al. 2010,
Carnivora,Cynotherium_sardous,Xenocyon_lycaonoides,26580,13010,0.489465764,-0.31027768,0.31027768,dwarfism,Corsica: Sardinia,EP,yes,Lomolino et al. 2013: Lyras et al. 2010,
Diprotodontia,Dactylopsila_kambuayai,,,225,,,,,New Guinea,EP,yes,Faurby et al. 2020,
Artiodactyla,Dama_carburangelensis,Dama_dama_tiberina,85000,56000,0.658823529,-0.181230899,0.181230899,dwarfism,Sicily,EP,yes,Lomolino et al. 2013,
Primates,Daubentonia_robusta,,,14200,,,,,Madagascar,EP,yes,Van der Geer et al. 2011,
Eulipotyphla,Deinogalerix_brevirostris,Parasorex_socialis,47.17,6627.48,140.502014,2.14768255,2.14768255,gigantism,Gargano,EP,yes,Lomolino et al. 2013,
Eulipotyphla,Deinogalerix_koenigswaldi,Parasorex_socialis,47.17,9778.91,207.3120628,2.316624573,2.316624573,gigantism,Gargano,EP,yes,Lomolino et al. 2013,
Chiroptera,Desmodus_rotundus_FOSSIL,,,26.1,,,,,Cuba,EP,yes,Faurby et al. 2020,A description published under the name Desmodus puntajudensi (Cuban vampire bat) by Woloszyn and Mayo in 1974 was later recognized as synonym of this species: extant species but we report body mass estimated from extinct populations
Artiodactyla,Duboisia_santeng,Boselaphus_namadicus,180000,54000,0.3,-0.522878745,0.522878745,dwarfism,Java,EP,yes,Rozzi 2018: Lomolino et al. 2013,
Rodentia,Dushimys_larsi,,,62.49771,,,,,Curaçao,EP,yes,Zijlstra 2012,Mean body mass estimate based on the equation of Hopkins (2008) for Sigmodontinae [ln (body mass in g) = 31078*ln (lower tooth row length in mm) – 10419]
Carnivora,Dusicyon_australis,Dusicyon_avus,13000,21083,1.621769231,0.209989056,0.209989056,gigantism,Falkland Islands,EX,yes,Austin et al. 2013: Faurby et al. 2020,
Rodentia,Elasmodontomys_obliquus,mean_body_mass_of_South_American_echimyids,320,8450,26.40625,1.421706731,1.421706731,gigantism,Puerto Rico,EP,yes,Woods et al. 2021: Turvey & Fritz 2011: Turvey et al. 2021,
Proboscidea,Elephas_sp_Luzon_Visayan,Palaeoloxodon_namadicus,7976272.817,3160000,0.396175015,-0.402112917,0.402112917,dwarfism,Luzon,EP,yes,Van der Geer et al. 2011,It includes E. beyeri: Same size of E. maximus (mean body mass estimate taken from Faurby et al 2020)
Proboscidea,Elephas_sp_Sulawesi,Palaeoloxodon_namadicus,7976272.817,7976272.817,1,0,0,no_change,Sulawesi,EP,yes,Van der Geer et al. 2016,
Carnivora,Enhydrictis_galictoides,Pannonictis_nestii,5290,4477,0.8463138,-0.072468578,0.072468578,dwarfism,Corsica: Sardinia,EP,yes,Lyras et al. 2010,
Carnivora,Enhydrictis_praegalictoides,Pannonictis_nestii,5290,4496.958976,0.850086763,-0.070536746,0.070536746,dwarfism,Sardinia,EP,yes,Rook et al. 2018: Lyras et al. 2010,
Artiodactyla,Epileptobos_groeneveldtii,Leptobos_falconeri,870963.59,470320.3386,0.54,-0.26760624,0.26760624,dwarfism,Java,EP,yes,Rozzi 2018,
Carnivora,Genetta_plesictoides,Genetta_genetta,1800,1800,1,0,0,no_change,Cyprus,EP,yes,Lyras et al. 2010: Faurby et al. 2020,Same body mass of G. genetta: body mass estimate taken from Faurby et al 2020
Rodentia,Genus_A_Timor,,,1666.3,,,,,Timor,EP,yes,Aplin & Helgen 2010,Same body mass of C. buehleri 
Rodentia,Geocapromys_caymanensis,mean_body_mass_of_South_American_echimyids,320,1100,3.4375,0.536242707,0.536242707,gigantism,Cayman Brac: Grand Cayman,EP,yes,Morgan et al. 2019: Turvey et al. 2021,Median body mass estimate based on 2 extinct populations from Cayman Brac and Grand Cayman (see Turvey et al 2021)
Rodentia,Geocapromys_columbianus,mean_body_mass_of_South_American_echimyids,320,1240,3.875,0.588271707,0.588271707,gigantism,Cuba,EX,yes,Woods et al. 2021: Faurby et al. 2020: Turvey et al. 2021,
Rodentia,Geocapromys_ingrahami_abaconis,mean_body_mass_of_South_American_echimyids,320,830,2.59375,0.413928114,0.413928114,gigantism,Great Abaco,EX,yes,Woods et al. 2021: Morgan et al. 2019: Lawrence 1934: Turvey et al. 2021,
Rodentia,Geocapromys_ingrahami_FOSSIL,mean_body_mass_of_South_American_echimyids,320,960,3,0.477121255,0.477121255,gigantism,Acklins: Cat Island: Middle Caicos: New Providence: Andros: San Salvador: Samana Cay,EX,yes,Turvey et al. 2021,Extant species but we report median body mass estimate from extinct populations (Turvey et al 2021): therefore it is listed here as a different extinct taxon
Rodentia,Geocapromys_ingrahami_irrectus,mean_body_mass_of_South_American_echimyids,320,1000,3.125,0.494850022,0.494850022,gigantism,Crooked: Long: Eleuthera: Little Exuma: Great Exuma,EX,yes,Woods et al. 2021: Morgan et al. 2019: Lawrence 1934: Faurby et al. 2020: Turvey et al. 2021,Median body mass estimate based on several extinct populations (see Turvey et al 2021)
Rodentia,Geocapromys_thoracatus,mean_body_mass_of_South_American_echimyids,320,890,2.78125,0.444240028,0.444240028,gigantism,Little Swan,EX,yes,Woods et al. 2021: Faurby et al. 2020: Turvey et al. 2021,
Lagomorpha,Gymnesicolagus_gelaberti,Prolagus_crusafonti,151.2516078,5419.345109,35.83,1.554246808,1.554246808,gigantism,Mallorca,EP,yes,Lomolino et al. 2013,
Primates,Hadropithecus_stenognathus,,,35400,,,,,Madagascar,EP,yes,Van der Geer et al. 2011,
Rodentia,Hattomys_gargantua,Hattomys_beetsi,176.4411989,874,4.95349162,0.694911433,0.694911433,gigantism,Gargano,EP,yes,Van den Hoek Ostende et al. 2017,
Carnivora,Hemimachairodus_zwierzyckii,,,130000,,,,,Java,EP,yes,Volmer et al. 2016,
Rodentia,Heteropsomys_insulans,,,930,,,,,Puerto Rico: Vieques,EX,yes,Faurby et al. 2020: Turvey et al. 2021,
Rodentia,Hexolobodon_nov_sp_Hispaniola,,,1900,,,,,Hispaniola,EP,yes,Faurby et al. 2020: Turvey et al. 2021,Listed as Hexolobodontinae sp nov in Turvey et al. 2021
Rodentia,Hexolobodon_phenax,,,3160,,,,,Hispaniola: Ile de la Gonave,EX,yes,Faurby et al. 2020: Turvey et al. 2021,
Artiodactyla,Hippopotamus_creutzburgi,Hippopotamus_antiquus,3178000,398000,0.125235997,-0.902270821,0.902270821,dwarfism,Crete,EP,yes,Lomolino et al. 2013,
Artiodactyla,Hippopotamus_lemerlei,Hippopotamus_amphibius,1495000,374000,0.250167224,-0.60176959,0.60176959,dwarfism,Madagascar,EX,yes,Lomolino et al. 2013,
Artiodactyla,Hippopotamus_madagascariensis,Hippopotamus_amphibius,1495000,393000,0.262876254,-0.580248642,0.580248642,dwarfism,Madagascar,EX,yes,Lomolino et al. 2013,
Artiodactyla,Hippopotamus_melitensis,Hippopotamus_amphibius,1495000,900000,0.602006689,-0.220398683,0.220398683,dwarfism,Malta,EP,yes,Lomolino et al. 2013,
Artiodactyla,Hippopotamus_minor,Hippopotamus_antiquus,3178000,132000,0.041535557,-1.381579962,1.381579962,dwarfism,Cyprus,EP,yes,Lomolino et al. 2013,
Artiodactyla,Hippopotamus_pentlandi,Hippopotamus_amphibius,1495000,1099000,0.735117057,-0.1336435,0.1336435,dwarfism,Sicily,EP,yes,Lomolino et al. 2013,
Primates,Homo_floresiensis,Homo_erectus,76000,23000,0.302631579,-0.519085756,0.519085756,dwarfism,Flores,EP,yes,Weston & Lister 2009,
Rodentia,Hooijeromys_nusatenggara,,,450,,,,,Flores,EP,yes,Veatch et al. 2019,
Artiodactyla,Hoplitomeryx_devosi,,,21000,,,,,Gargano,EP,yes,Van der Geer 2014,
Artiodactyla,Hoplitomeryx_kriegsmani,,,103400,,,,,Gargano,EP,yes,Van der Geer 2014,
Artiodactyla,Hoplitomeryx_macpheei,,,78000,,,,,Gargano,EP,yes,Van der Geer 2014,
Artiodactyla,Hoplitomeryx_matthei,,,44300,,,,,Gargano,EP,yes,Van der Geer 2014,
Diprotodontia,Hulitherium_tomasetti,,,138038.43,,,,,New Guinea,EP,yes,Raia et al. 2010,
Rodentia,Hyperplagiodontia_araeum,mean_body_mass_of_South_American_echimyids,320,4090,12.78125,1.10657333,1.10657333,gigantism,Hispaniola: Ile de la Gonave,EP,yes,Woods et al. 2021: Turvey & Fritz 2011: Turvey et al. 2021,
Rodentia,Hypnomys_eliomyoides,Vasseuromys_tectus,32.13,177.25,5.516651105,0.741675518,0.741675518,gigantism,Menorca,EP,yes,Bover et al. 2020: Sinitsa & Nesin 2018: Augustí et al. 2021: Augustí 1980,Ancestor from Bover et al. 2020: Ancestral body mass obtained by calculating the cumulative length of lower tooth row as in Van der Geer et al. 2013 from measurements in Sinitsa & Nesin 2018 and by using the equation of Hopkins (2008) [ln(body mass) = 3.006ln(lower tooth row length) – 0.9466]. Body mass of H. eliomyoides obtained by calculating the cumulative length of lower tooth row as in Van der Geer et al. 2013 from measurements in Augustí 1980 and by using the equation of Hopkins (2008) [ln(body mass) = 3.006ln(lower tooth row length) – 0.9466]
Rodentia,Hypnomys_mahonensis,Vasseuromys_tectus,32.13,251.79,7.836601307,0.894127752,0.894127752,gigantism,Menorca,EP,yes,Bover et al. 2020: Sinitsa & Nesin 2018: Reumer 1982: Augustí et al. 2021,Ancestor from Bover et al. 2020: Ancestral body mass obtained by calculating the cumulative length of lower tooth row as in Van der Geer et al. 2013 from measurements in Sinitsa & Nesin 2018 and by using the equation of Hopkins (2008) [ln(body mass) = 3.006ln(lower tooth row length) – 0.9466]. Body mass of H. mahonensis obtained by calculating the cumulative length of lower tooth row as in Van der Geer et al. 2013 from measurements in Reumer 1982 and by using the equation of Hopkins (2008) [ln(body mass) = 3.006ln(lower tooth row length) – 0.9466]
Rodentia,Hypnomys_morpheus,Vasseuromys_tectus,32.13,230,7.158418923,0.85481711,0.85481711,gigantism,Mallorca: Menorca,EP,yes,Bover et al. 2020: Sinitsa & Nesin 2018: Van der Geer et al. 2013: Van den Hoek Ostende et al. 2017: Moncunill-Solé et al. 2014: Augustí et al. 2021,Ancestor from Bover et al. 2020: Ancestral body mass obtained by calculating the cumulative length of lower tooth row as in Van der Geer et al. 2013 from measurements in Sinitsa & Nesin 2018 and by using the equation of Hopkins (2008) [ln(body mass) = 3.006ln(lower tooth row length) – 0.9466]. Body mass of H. morpheus from Moncunill-Solé et al. 2014
Rodentia,Hypnomys_onicensis,Vasseuromys_tectus,32.13,200,6.224712107,0.79411927,0.79411927,gigantism,Mallorca,EP,yes,Bover et al. 2020: Sinitsa & Nesin 2018: Van der Geer et al. 2013: Augustí et al. 2021,Ancestor from Bover et al. 2020: Ancestral body mass obtained by calculating the cumulative length of lower tooth row as in Van der Geer et al. 2013 from measurements in Sinitsa & Nesin 2018 and by using the equation of Hopkins (2008) [ln(body mass) = 3.006ln(lower tooth row length) – 0.9466]. Body mass of H. morpheus from Moncunill-Solé et al. 2014
Rodentia,Hypnomys_waldreni,Vasseuromys_tectus,32.13,128.3,3.993152817,0.601315931,0.601315931,gigantism,Mallorca,EP,yes,Bover et al. 2020: Sinitsa & Nesin 2018: Van der Geer et al. 2013: Augustí et al. 2021,Ancestor from Bover et al. 2020: Ancestral body mass obtained by calculating the cumulative length of lower tooth row as in Van der Geer et al. 2013 from measurements in Sinitsa & Nesin 2018 and by using the equation of Hopkins (2008) [ln(body mass) = 3.006ln(lower tooth row length) – 0.9466]. Body mass of H. waldreni from Van der Geer et al. 2013
Rodentia,Hypogeomys_australis,,,1804.1,,,,,Madagascar,EP,yes,Faurby et al. 2020,
Lagomorpha,Hypolagus_balearicus,Hypolagus_gromovi,5186.68,2000,0.385603122,-0.413859459,0.413859459,dwarfism,Mallorca: Eivissa,EP,yes,Quintana & Moncunill-Solé 2014,
Lagomorpha,Hypolagus_peregrinus,Hypolagus_gromovi,5186.68,3384,0.652440482,-0.1854591,0.1854591,dwarfism,Sicily,EP,yes,Lomolino et al. 2013,
Primates,Insulacebus_toussaintiana,,,4800,,,,,Hispaniola,EP,yes,Faurby et al. 2020: Turvey et al. 2021,
Rodentia,Isolobodon_montanus,,,1520,,,,,Hispaniola: Ile de la Gonave: Beata,EX,yes,Faurby et al. 2020: Turvey et al. 2021,
Rodentia,Isolobodon_nov_sp_Hispaniola,,,507.19,,,,,Hispaniola,EP,yes,Cooke & Crowley 2018 ,New undescribed species from Trou Jean Paul
Rodentia,Isolobodon_portoricensis,,,1440,,,,,Hispaniola: Puerto Rico,EX,yes,Faurby et al. 2020: Turvey et al. 2021,Median body mass estimate based on 14 extinct populations from several islands including Hispaniola and Puerto Rico (see Turvey et al 2021)
Rodentia,Kritimys_catreus,Praomys,77.33432836,518.14,6.7,0.826074803,0.826074803,gigantism,Crete,EP,yes,Lomolino et al. 2013: Van den Hoek Ostende et al. 2017,
Rodentia,Leithia_cartei,Eliomys_quercinus,74,156.14,2.11,0.324282455,0.324282455,gigantism,Sicily,EP,yes,Lomolino et al. 2013,
Rodentia,Leithia_melitensis,Eliomys_quercinus,,1001,12.5,1.096910013,1.096910013,gigantism,Sicily,EP,yes,Van den Hoek Ostende et al. 2017,
Carnivora,Lutra_castiglionis,Lutra_simplicidens,6370,7620,1.196232339,0.077815539,0.077815539,gigantism,Corsica,EP,yes,Lomolino et al. 2013: Lyras et al. 2010,
Carnivora,Lutra_euxena,Lutra_simplicidens,6370,6370,1,0,0,no_change,Malta,EP,yes,Van der Geer own data,
Carnivora,Lutra_trinacriae,Lutra_simplicidens,6370,7040,1.105180534,0.043433227,0.043433227,gigantism,Sicily,EP,yes,Lomolino et al. 2013: Lyras et al. 2010,
Carnivora,Lutrogale_cretensis,Lutra_perspicillata,12080,14140,1.170529801,0.068382475,0.068382475,gigantism,Crete,EP,yes,Lomolino et al. 2013: Lyras et al. 2010,
Primates,Macaca_majori,Macaca_florentina,11748.97555,7754.323863,0.66,-0.180456064,0.180456064,dwarfism,Sardinia,EP,yes,Lomolino et al. 2013,
Rodentia,Macrocapromys_acevedo,,,3180,,,,,Cuba,EP,yes,Turvey & Fritz 2011: Turvey et al. 2021,
Rodentia,Macrocapromys_latus,,,3660,,,,,Cuba,EP,yes,Turvey & Fritz 2011: Turvey et al. 2021,
Rodentia,Malpaisomys_insularis,Mus_musculus,24,90,3.75,0.574031268,0.574031268,gigantism,Fuerteventura: Lanzarote,EP,yes,Renom et al. 2021: Van den Hoek Ostende et al. 2017,
Rodentia,Maltamys_gollcheri,Eliomys_quercinus,74,88.06,1.19,0.075546961,0.075546961,gigantism,Malta,EP,yes,Van der Geer own data,
Rodentia,Maltamys_wiedincitensis,Eliomys_quercinus,,160,2.2,0.342422681,0.342422681,gigantism,Sicily,EP,yes,Van den Hoek Ostende et al. 2017,
Proboscidea,Mammuthus_creticus,Mammuths_meridionalis,8468000,338720,0.04,-1.397940009,1.397940009,dwarfism,Crete,EP,yes,Athanassiou et al. 2019,
Proboscidea,Mammuthus_exilis,Mammuthus_columbi,7797000,1350000,0.173143517,-0.761593766,0.761593766,dwarfism,Santa Rosa,EP,yes,Lomolino et al. 2013,
Proboscidea,Mammuthus_lamarmorai,Mammuths_meridionalis,8468000,715000,0.084435522,-1.073474808,1.073474808,dwarfism,Sardinia,EP,yes,Lomolino et al. 2013,
Pholidota,Manis_palaeojavanica,,,41200,,,,,Java,EP,yes,Faurby et al. 2020,
Diprotodontia,Maokopia_ronaldi,,,100000,,,,,New Guinea,EP,yes,Faurby et al. 2020,
Primates,Megaladapis_edwardsi,,,85100,,,,,Madagascar,EP,yes,Van der Geer et al. 2011,
Primates,Megaladapis_grandidieri,,,74300,,,,,Madagascar,EP,yes,Van der Geer et al. 2011,
Primates,Megaladapis_madagascariensis,,,46500,,,,,Madagascar,EP,yes,Van der Geer et al. 2011,
Carnivora,Megalenhydris_barbaricina,Lutra_simplicidens,6370,17780,2.791208791,0.445792324,0.445792324,gigantism,Sardinia,EP,yes,Lomolino et al. 2013: Lyras et al. 2010,
Pilosa,Megalocnus_rodens,,,101500,,,,,Cuba: Isla de la Juventud: Cayo Lucas: Cayo Salinas,EP,yes,Faurby et al. 2020: Turvey et al. 2021,
Pilosa,Megalocnus_zile,,,89610,,,,,Hispaniola: Ile de la Tortue,EP,yes,Faurby et al. 2020: Turvey et al. 2021,
Rodentia,Megalomys_audreyae,Sigmodontomys_aphrastus,60,180,3,0.477121255,0.477121255,gigantism,Barbuda,EP,yes,Van den Hoek Ostende et al. 2017: Turvey et al. 2021: Mistretta et al 2021,
Rodentia,Megalomys_camerhogne,Sigmodontomys_aphrastus,60,348,5.8,0.763427994,0.763427994,gigantism,Grenada,EP,yes,Mistretta et al. 2021,
Rodentia,Megalomys_curazensis,Sigmodontomys_aphrastus,60,132,2.2,0.342422681,0.342422681,gigantism,Curaçao,EP,yes,Van den Hoek Ostende et al. 2017,
Rodentia,Megalomys_desmarestii,Sigmodontomys_aphrastus,60,290,4.833333333,0.684246748,0.684246748,gigantism,Martinique,EX,yes,Van den Hoek Ostende et al. 2017: Turvey et al. 2021,
Rodentia,Megalomys_georginae,Sigmodontomys_aphrastus,60,101,1.683333333,0.226170123,0.226170123,gigantism,Barbados,EP,yes,Van den Hoek Ostende et al. 2017: Turvey et al. 2021,
Rodentia,Megalomys_luciae,Sigmodontomys_aphrastus,60,160,2.666666667,0.425968732,0.425968732,gigantism,St Lucia,EX,yes,Van den Hoek Ostende et al. 2017: Turvey et al. 2021,
Rodentia,Megaoryzomys_curioi,Mindomys_hammondi,60.5,570,9.421487603,0.974119481,0.974119481,gigantism,Santa Cruz Galapagos,EX,yes,Ronez et al. 2021: Faurby et al. 2020,
Rodentia,Megaoryzomys_nov_sp_Isabela,,,228.7,,,,,Isabela,EP,yes,Faurby et al. 2020,
Rodentia,Melomys_rubicola,,,100,,,,,Bramble Cay,EX,yes,McCreless et al. 2016,
Rodentia,Meriones_malatestai,,,125.89254,,,,,Lampedusa,EP,yes,Raia et al. 2010: Burgio et al. 1997,Likely nomen nudum
Rodentia,Mesocapromys_gracilis,mean_body_mass_of_South_American_echimyids,320,988.4907,3.089033438,0.489822609,0.489822609,gigantism,Cuba,EP,yes,Varona & Arredondo 1979,LTRL(in mm) = 156: Body mass estimate of this taxon based on lower molar row length in Varona & Arredondo 1979 and equation in Hopkins 2008 for all rodents with BM < 5000 g = ln body mass (in g) = -05992 + 27283 ln LTRL(in mm)
Rodentia,Mesocapromys_kraglievichi,mean_body_mass_of_South_American_echimyids,320,610,1.90625,0.280179857,0.280179857,gigantism,Cuba,EP,yes,Woods et al. 2021: Turvey & Fritz 2011: Turvey et al. 2021,
Rodentia,Mesocapromys_minimus,mean_body_mass_of_South_American_echimyids,320,406.8031,1.271259688,0.104234275,0.104234275,gigantism,Cuba,EP,yes,Varona & Arredondo 1979,LTRL(in mm) = 112666666666667: Body mass estimate of this taxon based on lower molar row length in Varona & Arredondo 1979 and equation in Hopkins 2008 for all rodents with BM < 5000 g = ln body mass (in g) = -05992 + 27283 ln LTRL(in mm)
Rodentia,Mesocricetus_rathgeberi,,,339,,,,,Armathia,EP,yes,Faurby et al. 2020,
Primates,Mesopropithecus_dolichobrachion,,,13700,,,,,Madagascar,EP,yes,Van der Geer et al. 2011,
Primates,Mesopropithecus_globiceps,,,11300,,,,,Madagascar,EP,yes,Van der Geer et al. 2011,
Primates,Mesopropithecus_pithecoides,,,125000,,,,,Madagascar,EP,yes,Turvey & Fritz 2011,
Afrosoricida,Microgale_macpheei,,,19.5,,,,,Madagascar,EP,yes,Faurby et al. 2020,
Rodentia,Microtus_Terricola_ex_gr_Microtus_savii,Microtus_(Terricola)_savii,101.51,127.88,1.259777362,0.1002938,0.1002938,gigantism,Sicily,EP,yes,Lomolino et al. 2013,
Rodentia,Microtus_Terricola_melitensis,Microtus_(Terricola)_savii,101.51,21.82729912,0.215026097,-0.667508828,0.667508828,dwarfism,Malta,EP,yes,Raia et al. 2010,
Rodentia,Microtus_Tyrrhenicola_henseli,Microtus_ruffoi,127.76,227.34,1.779430182,0.250280953,0.250280953,gigantism,Corsica: Sardinia,EP,yes,Lomolino et al. 2013,
Rodentia,Microtus_miguelensis,Microtus_californicus,50,100,2,0.301029996,0.301029996,gigantism,Santa Rosa,EP,yes,Van den Hoek Ostende et al. 2017,
Rodentia,Mikrotia_magna,smallest_Mikrotia_(Biancone_1),42.21,1604.5,38.01231936,1.579924369,1.579924369,gigantism,Gargano,EP,yes,Lomolino et al. 2013: Moncunill-Solé et al. 2018,Mean body mass estimate of Mikrotia from F8-F9 and SG (see Moncunill-Solé et al 2018)
Rodentia,Mikrotia_maiuscola,smallest_Mikrotia_(Biancone_1),42.21,140.13,3.319829424,0.52111577,0.52111577,gigantism,Gargano,EP,yes,Lomolino et al. 2013,Mikrotia_middle-sized_lineage
Rodentia,Mikrotia_parva,smallest_Mikrotia_(Biancone_1),42.21,44.74,1.059938403,0.025280628,0.025280628,gigantism,Gargano,EP,yes,Lomolino et al. 2013,Mikrotia_small-sized_lineage
Rodentia,Mikrotia_sp_1,,,42.21,,,,,Gargano,EP,yes,Lomolino et al. 2013,Likely of ancestral size as the smallest Mikrotia from Biancone 1
Rodentia,Mikrotia_sp_nov_archaic,,,42.21,,,,,Gargano,EP,yes,Lomolino et al. 2013,Likely of ancestral size as the smallest Mikrotia from Biancone 1
Rodentia,Milimonggamys_juliae,,,293.75,,,,,Sumba,EP,yes,Turvey et al. 2017,
Chiroptera,Mormoops_magna,,,20.5,,,,,Cuba,EP,yes,Faurby et al. 2020,
Artiodactyla,Muntiacini_gen_et_sp_indet,Muntiacus_reevesi,13500,13790,1.021481481,0.009230498,0.009230498,gigantism,Okinawa,EP,yes,Hayashi et al. 2020: Faurby et al. 2020,Mean body mass estimate based on midshaft diameter of tibia and femur and equation of Scott 1990 
Rodentia,Mus_lopadusae,Mus_musculus,16.68,40.83193863,2.447957952,0.388803954,0.388803954,gigantism,Lampedusa,EP,yes,Raia et al. 2010: Burgio et al. 1997,
Rodentia,Mus_minotaurus,Mus_musculus,16.68,53.86,3.229016787,0.509070303,0.509070303,gigantism,Crete,EP,yes,Lomolino et al. 2013,
Rodentia,Muscardinus_cyclopeus,Muscardinus_vireti,74,100,1.351351351,0.13076828,0.13076828,gigantism,Menorca,EP,yes,Van den Hoek Ostende et al. 2017,
Rodentia,Muscardinus_malatestai,,,42.95364268,,,,,Capri,EP,yes,Raia et al. 2010,
Carnivora,Mustelercta_arzilla,Pannonictis_nesti,5290,5180,0.979206049,-0.009125912,0.009125912,dwarfism,Sicily,EP,yes,Lomolino et al. 2013: Lyras et al. 2010,
Artiodactyla,Myotragus_antiquus,Aragoral_mudejar,142000,22720,0.16,-0.795880017,0.795880017,dwarfism,Mallorca,EP,yes,Rozzi 2018: Lomolino et al. 2013,
Artiodactyla,Myotragus_balearicus,Aragoral_mudejar,142000,25560,0.18,-0.744727495,0.744727495,dwarfism,Mallorca: Menorca,EP,yes,Rozzi 2018: Lomolino et al. 2013,
Artiodactyla,Myotragus_batei,Aragoral_mudejar,142000,19880,0.14,-0.853871964,0.853871964,dwarfism,Mallorca: Menorca,EP,yes,Rozzi 2018: Lomolino et al. 2013,
Artiodactyla,Myotragus_binigausensis,Aragoral_mudejar,142000,26980,0.19,-0.721246399,0.721246399,dwarfism,Menorca,EP,yes,Rozzi 2018: Lomolino et al. 2013,
Artiodactyla,Myotragus_kopperi,Aragoral_mudejar,142000,25560,0.18,-0.744727495,0.744727495,dwarfism,Mallorca: Menorca,EP,yes,Rozzi 2018: Lomolino et al. 2013,
Artiodactyla,Myotragus_palomboi,Aragoral_mudejar,142000,32660,0.23,-0.638272164,0.638272164,dwarfism,Mallorca,EP,yes,Rozzi 2018: Lomolino et al. 2013,
Artiodactyla,Myotragus_pepgonellae,Aragoral_mudejar,142000,51120,0.36,-0.443697499,0.443697499,dwarfism,Mallorca,EP,yes,Rozzi 2018: Lomolino et al. 2013,
Chiroptera,Mystacina_miocenalis,Ancestral_body_mass_for_noctilionoids_and_the_Mystacina_lineage_from_Hand_et_al._2018,12,39.3,3.275,0.515211304,0.515211304,gigantism,South Island (New Zealand),EP,yes,Hand et al. 2018,
Pilosa,Neocnus_comes,,,13020,,,,,Hispaniola: Ile de la Gonave,EP,yes,Faurby et al. 2020: Turvey et al. 2021,
Pilosa,Neocnus_dousman,,,10450,,,,,Hispaniola,EP,yes,Faurby et al. 2020: Turvey et al. 2021,
Pilosa,Neocnus_gliriformis,,,17330,,,,,Cuba: Isla de la Juventud,EP,yes,Turvey & Fritz 2011: Turvey et al. 2021,
Pilosa,Neocnus_toupiti,,,7050,,,,,Hispaniola,EP,yes,Faurby et al. 2020: Turvey et al. 2021,
Rodentia,Neotoma_bryanti_anthonyi,Neotoma_bryanti_bryanti,182,195.4,1.073626374,0.030853171,0.030853171,gigantism,Todos Santos,EX,yes,Faurby et al. 2020,
Rodentia,Neotoma_bryanti_bunkeri,Neotoma_bryanti_bryanti,182,380,2.087912088,0.319712209,0.319712209,gigantism,Coronados,EX,yes,Faurby et al. 2020,
Rodentia,Neotoma_bryanti_martinensis,Neotoma_bryanti_bryanti,182,246,1.351648352,0.130863719,0.130863719,gigantism,San Martin,EX,yes,Faurby et al. 2020,
Eulipotyphla,Nesiotites_aff_N_ponsi,Asoriculus_gibberodon,8.85,20.34,2.298305085,0.361407678,0.361407678,gigantism,Mallorca,EP,yes,Moncunill-Solé et al. 2016c,
Eulipotyphla,Nesiotites_hidalgo,Asoriculus_gibberodon,8.85,28,3.163841808,0.500214761,0.500214761,gigantism,Mallorca,EP,yes,Moncunill-Solé et al. 2016c,
Eulipotyphla,Nesiotites_meloussae,Asoriculus_gibberodon,8.85,24.83,2.805649718,0.448033449,0.448033449,gigantism,Menorca,EP,yes,Moncunill-Solé et al. 2016c,
Eulipotyphla,Nesiotites_ponsi,Asoriculus_gibberodon,8.85,14.58,1.647457627,0.216814253,0.216814253,gigantism,Mallorca,EP,yes,Moncunill-Solé et al. 2016c,
Eulipotyphla,Nesiotites_rafelinensis,Asoriculus_gibberodon,8.85,22.6,2.553672316,0.407165168,0.407165168,gigantism,Mallorca,EP,yes,Van der Geer et al. 2013,
Artiodactyla,Nesogoral_cenisae,Skoufotragus_laticeps,124000,31000,0.25,-0.602059991,0.602059991,dwarfism,Sardinia,EP,yes,Rozzi 2018,
Artiodactyla,Nesogoral_melonii,Skoufotragus_laticeps,124000,24800,0.2,-0.698970004,0.698970004,dwarfism,Sardinia,EP,yes,Rozzi 2018,
Artiodactyla,Nesogoral_sp_2,Skoufotragus_laticeps,124000,28520,0.23,-0.638272164,0.638272164,dwarfism,Sardinia,EP,yes,Rozzi 2018,
Rodentia,Nesomys_narindaensis,,,182.55,,,,,Madagascar,EP,yes,Faurby et al. 2020,Body mass estimate obtained by comparing skull length of N. narindaensis (613 mm: Mein et al 2010) and extant N. lambertoni (5205 mm: Mein et al 2010) and body mass of N. lambertoni (155g: Faurby et al 2020): we assumed isometric scaling of skull size with body mass
Eulipotyphla,Nesophontes_edithae,,,130,,,,,Puerto Rico: St John: St Thomas: Vieques,EX,yes,Faurby et al. 2020: Turvey et al. 2021,
Eulipotyphla,Nesophontes_hemicingulus,,,35,,,,,Cayman Brac: Grand Cayman,EP,yes,Morgan et al. 2019: Turvey & Fritz 2011: Turvey et al. 2021,Median body mass estimate based on 2 extinct populations from Cayman Brac and Grand Cayman (see Turvey et al 2021)
Eulipotyphla,Nesophontes_hypomicrus,,,20,,,,,Hispaniola: Ile de la Gonave,EX,yes,Faurby et al. 2020: Turvey et al. 2021,
Eulipotyphla,Nesophontes_major,,,51.7,,,,,Cuba,EX,yes,Faurby et al. 2020,
Eulipotyphla,Nesophontes_micrus,,,40,,,,,Cuba: Cayo Guillermo: Isla de la Juventud,EX,yes,Faurby et al. 2020: Turvey et al. 2021,
Eulipotyphla,Nesophontes_paramicrus,,,40,,,,,Hispaniola,EX,yes,Faurby et al. 2020: Turvey et al. 2021,
Eulipotyphla,Nesophontes_zamicrus,,,10,,,,,Hispaniola: Ile de la Gonave,EX,yes,Faurby et al. 2020: Turvey et al. 2021,
Perissodactyla,Nesorhinus_hayasakai,Dicerorhinus_fusuiensis_+_“Rhinoceros”_Yanliang-Liucheng,1379904.62,1284500,0.930861439,-0.03111496,0.03111496,dwarfism,Taiwan,EP,yes,Antoine et al. 2022,Ancestral body mass estimate based on measurements in Yan et al 2014 and Tong & Guerin 2009 and equations for length M1 M2 M3 (Fortelius & Kappelman 1993) and for m1 area (Legendre 1989)
Perissodactyla,Nesorhinus_philippinensis,Dicerorhinus_fusuiensis_+_“Rhinoceros”_Yanliang-Liucheng,1379904.62,1086000,0.787010917,-0.104019243,0.104019243,dwarfism,Luzon,EP,yes,Antoine et al. 2022,Ancestral body mass based on measurements in Yan et al. 2014 and Tong & Guerin 2009
Rodentia,Nesoryzomys_darwini,,,33.7,,,,,Santa Cruz Galapagos,EX,yes,Faurby et al. 2020,
Rodentia,Nesoryzomys_indefessus_indefessus,,,106,,,,,Santa Cruz Galapagos,EX,yes,Van den Hoek Ostende et al. 2017,
Rodentia,Nesoryzomys_nov_sp_1,,,100,,,,,Rábida,EP,yes,Turvey & Fritz 2011,
Rodentia,Nesoryzomys_nov_sp_2,,,100,,,,,Isabela,EP,yes,Turvey & Fritz 2011,
Rodentia,Nesoryzomys_nov_sp_3,,,100,,,,,Isabela,EP,yes,Turvey & Fritz 2011,
Rodentia,Noronhomys_vespuccii,,,160,,,,,Fernando de Noronha,EX,yes,Faurby et al. 2020,
Diprotodontia,Nototherium_watutense,,,301995.172,,,,,New Guinea,EP,yes,Raia et al. 2010,
Lagomorpha,Nuralagus_rex,Alilepus_turolensis,1200.05182,8000,6.666378789,0.823889987,0.823889987,gigantism,Menorca,EP,yes,Moncunill-Solé et al. 2016a,
Chiroptera,Nyctophilus_howensis,Nyctophilus_walkeri,4.3,20.6,4.790697674,0.680398765,0.680398765,gigantism,Lord Howe,EX,yes,Faurby et al. 2020: Upham et al. 2019,
Rodentia,Oligoryzomys_victus,Oligoryzomys,,22.7,1,0,0,no_change,Saint Vincent,EX,yes,Mistretta et al. 2021: Van den Hoek Ostende et al. 2017,
Carnivora,Oriensictis_nipponica,Oriensictis_melina,7260,7290,1.004132231,0.001790908,0.001790908,gigantism,Kyushu,EP,yes,Lyras et al. 2010,
Rodentia,Oryzomyini_undescribed_species_Anguilla_taxon,,,100,,,,,Anguilla,EP,yes,Turvey et al. 2021,
Rodentia,Oryzomyini_undescribed_species_large_Montserrat_taxon,,,310,,,,,Montserrat,EP,yes,Turvey et al. 2021,
Rodentia,Oryzomyini_undescribed_species_Saba,,,110,,,,,Saba,EP,yes,Turvey et al. 2021,
Rodentia,Oryzomyini_undescribed_species_small_Montserrat_taxon,,,120,,,,,Montserrat,EP,yes,Turvey et al. 2021,
Rodentia,Oryzomyini_undescribed_species_St_Martin_taxon,,,100,,,,,St Martin: Tintamarre,EP,yes,Turvey et al. 2021,
Rodentia,Oryzomys_antillarum,Oryzomys_couesi,,60,1,0,0,no_change,Jamaica,EX,yes,Van den Hoek Ostende et al. 2017: Faurby et al. 2020: Turvey et al. 2021,
Rodentia,Oryzomys_curasoae,,,44.5,,,,,Curaçao,EX,yes,Faurby et al. 2020,It was listed as DD in the IUCN Red list (see also Faurby et al 2020) but Voss and Weksler (2009) placed O. curasoae (extinct) as a junior synonym of the earlier described O. gorgasi (extant)
Rodentia,Oryzomys_nelsoni,,,86.8,,,,,Maria Madre,EX,yes,Faurby et al. 2020,
Primates,Pachylemur_insignis,,,11500,,,,,Madagascar,EP,yes,Van der Geer et al. 2011,
Primates,Pachylemur_jullyi,,,13400,,,,,Madagascar,EP,yes,Van der Geer et al. 2011,
Proboscidea,Palaeoloxodon_aff_P_creutzburgi,Palaeoloxodon_antiquus,7976000,2392800,0.3,-0.522878745,0.522878745,dwarfism,Karpathos-Kassos,EP,yes,Athanassiou et al. 2019,
Proboscidea,Palaeoloxodon_antiquus_leonardi,Palaeoloxodon_antiquus,7976000,4307040,0.54,-0.26760624,0.26760624,dwarfism,Sicily,EP,yes,Van der Geer own data,
Proboscidea,Palaeoloxodon_creutzburgi,Palaeoloxodon_antiquus,7976000,3063000,0.384027081,-0.415638148,0.415638148,dwarfism,Crete,EP,yes,Athanassiou et al. 2019: Lomolino et al. 2013,
Proboscidea,Palaeoloxodon_cypriotes,Palaeoloxodon_antiquus,7976000,159520,0.02,-1.698970004,1.698970004,dwarfism,Cyprus,EP,yes,Athanassiou et al. 2019,
Proboscidea,Palaeoloxodon_ex_gr_P_mnaidriensis,Palaeoloxodon_antiquus,7976000,1380000,0.173019057,-0.761906059,0.761906059,dwarfism,Sicily,EP,yes,Lomolino et al. 2013,
Proboscidea,Palaeoloxodon_falconeri,Palaeoloxodon_antiquus,7976000,200200,0.025100301,-1.600321072,1.600321072,dwarfism,Sicily,EP,yes,Romano et al. 2019: Lomolino et al. 2013,
Proboscidea,Palaeoloxodon_lomolinoi,Palaeoloxodon_antiquus,7976000,638080,0.08,-1.096910013,1.096910013,dwarfism,Naxos,EP,yes,Athanassiou et al 2019,
Proboscidea,Palaeoloxodon_sp_Rhodes,Palaeoloxodon_antiquus,7976000,1515440,0.19,-0.721246399,0.721246399,dwarfism,Rhodes,EP,yes,Athanassiou et al. 2019,
Proboscidea,Palaeoloxodon_tiliensis,Palaeoloxodon_antiquus,7976000,727000,0.091148445,-1.040250734,1.040250734,dwarfism,Tilos,EP,yes,Athanassiou et al. 2019: Lomolino et al. 2013,
Proboscidea,Palaeoloxodon_xylophagou,Palaeoloxodon_antiquus,7976000,319040,0.04,-1.397940009,1.397940009,dwarfism,Cyprus,EP,yes,Athanassiou et al. 2019,
Primates,Palaeopropithecus_ingens,,,41500,,,,,Madagascar,EX,yes,Van der Geer et al. 2011,
Primates,Palaeopropithecus_kelyus,,,43650,,,,,Madagascar,EP,yes,Turvey & Fritz 2011,
Primates,Palaeopropithecus_maximus,,,45800,,,,,Madagascar,EP,yes,Van der Geer et al. 2011,
Carnivora,Pannonictis_baroniensis,Pannonictis_nestii,5290,8010,1.514177694,0.180176844,0.180176844,gigantism,Sardinia,EP,yes,Rook et al. 2018: Lyras et al. 2010,
Carnivora,Panthera_tigris_FOSSIL,,,149000,,,,,Java,EP,yes,Volmer et al. 2016,Extant species but we report mean body mass estimated from fossil remains (excluding recent remains): therefore it is listed here as a different extinct taxon: mean body mass for the Ngandong sample is 184 kg and for the pre Ngandong sample 114 kg = we select mean value
Rodentia,Papagomys_theodorverhoeveni,,,1100,,,,,Flores,EP,yes,Veatch et al. 2019,
Rodentia,Paraethomys_balearicus,Paraethomys_meini,,,1.601613,0.204557585,0.204557585,gigantism,Mallorca,EP,yes,Torres-Roig et al. 2019b ,Body size ratio based on length of M1: it was obtained from linear measures so it was cubed (see Meiri et al 2008: Lomolino 1985)
Primates,Paralouatta_marianae,,,4709,,,,,Cuba,EP,yes,Püschel et al. 2018: 2020,
Primates,Paralouatta_varonai,,,8280,,,,,Cuba,EP,yes,Turvey & Fritz 2011: Turvey et al. 2021,
Pilosa,Parocnus_browni,,,69200,,,,,Cuba: Isla de la Juventud: Cayo Lucas: Cayo Salinas,EP,yes,Faurby et al. 2020: Turvey et al. 2021,
Pilosa,Parocnus_dominicanus,,,45003.36,,,,,Hispaniola,EP,yes,McAfee et al. 2021,15.2% smaller than P. serus
Pilosa,Parocnus_serus,,,53070,,,,,Hispaniola: Ile de la Gonave: Ile de la Tortue,EP,yes,Faurby et al. 2020: Turvey et al. 2021,
Pilosa,Paulocnus_petrifactus,,,69200,,,,,Curaçao,EP,yes,Hooijer 1962: 1964,Size of its lower and upper molars as published by Hooijer 1964 is similar to that of Parocnus browni (= Mesocnus browni): we selected the same body mass of P. browni
Rodentia,Pellegrinia_panormensis,Massoutiera_mzabi,182.9784734,384.2547942,2.1,0.322219295,0.322219295,gigantism,Sicily,EP,yes,Van der Geer own data,
Rodentia,Pennatomys_nivalis,Sigmodontomys_aphrastus,60,105,1.75,0.243038049,0.243038049,gigantism,St Eustatius: Nevis: St Kitts,EX,yes,Van den Hoek Ostende et al. 2017: Turvey et al. 2021,
Rodentia,Peromyscus_anyapahensis,,,30.77,,,,,West Anacapa,EP,yes,Turvey & Fritz 2011,
Rodentia,Peromyscus_nesodytes,Peromyscus_anyapahensis,30.77,40,1.299967501,0.113932495,0.113932495,gigantism,Santa Rosa,EP,yes,Van den Hoek Ostende et al. 2017,
Rodentia,Peromyscus_pembertoni,,,48.8,,,,,San Pedro Nolasco,EX,yes,Faurby et al. 2020,
Diprotodontia,Petauroides_ayamaruensis,,,341.7,,,,,New Guinea,EP,yes,Faurby et al. 2020,
Chiroptera,Phyllonycteris_major,,,34.1,,,,,Puerto Rico,EP,yes,Faurby et al. 2020,
Chiroptera,Phyllops_silvai,,,22.2,,,,,Cuba,EP,yes,Faurby et al. 2020,
Chiroptera,Phyllops_vetus,,,20,,,,,Cuba,EP,yes,Turvey & Fritz 2011,
Chiroptera,Pipistrellus_murrayi,,,3.8,,,,,Christmas,EX,yes,Faurby et al. 2020,
Rodentia,Plagiodontia_spelaeum,mean_body_mass_of_South_American_echimyids,320,1570,4.90625,0.690749674,0.690749674,gigantism,Hispaniola,EP,yes,Woods et al. 2021: Faurby et al. 2020: Turvey et al. 2021,
Rodentia,Plagiodontia_velozi,mean_body_mass_of_South_American_echimyids,320,5620,17.5625,1.244586337,1.244586337,gigantism,Hispaniola,EX,yes,Woods et al. 2021: Faurby et al. 2020: Turvey et al. 2021,(= Plagiodontia ipnaeum)
Afrosoricida,Plesiorycteropus_germainepetterae,,,6240,,,,,Madagascar,EP,yes,Turvey & Fritz 2011,
Afrosoricida,Plesiorycteropus_madagascariensis,,,13220,,,,,Madagascar,EP,yes,Faurby et al. 2020,
Artiodactyla,Praemegaceros_cazioti,Praemegaceros_verticornis,577000,77000,0.133448873,-0.874685088,0.874685088,dwarfism,Corsica: Sardinia,EP,yes,Lomolino et al. 2013,
Artiodactyla,Praemegaceros_sardus,Praemegaceros_verticornis,577000,102025,0.176819757,-0.75246921,0.75246921,dwarfism,Sardinia,EP,yes,Van der Made & Palombo 2006,32.5% larger than P. cazioti
Lagomorpha,Prolagus_apricenicus,Prolagus_oeningensis,84.27,200,2.37332384,0.375357002,0.375357002,gigantism,Gargano,EP,yes,Moncunill-Solé et al. 2016b: Lomolino et al. 2013: Moncunill-Solé 2020,Mean body mass of P. oeningensis from Lomolino et al. 2013
Lagomorpha,Prolagus_figaro,Prolagus_cf_P_calpensis,320,417,1.303125,0.114986077,0.114986077,gigantism,Corsica: Sardinia,EP,yes,Moncunill-Solé et al. 2016a: Moncunill-Solé 2020,The ancestor of Prolagus from Sardinia is likely P. sorbinii but since no body mass estimates are available for this taxon (only unreliable teeth measurements) we used the body mass of P. cf. calpensis as mainland reference as suggested by Moncunill-Solé et al 2016a
Lagomorpha,Prolagus_imperialis,Prolagus_oeningensis,84.27,625,7.416637,0.870207023,0.870207023,gigantism,Gargano,EP,yes,Moncunill-Solé et al. 2016b: Lomolino et al. 2013: Moncunill-Solé 2020,Mean body mass of P. oeningensis from Lomolino et al. 2013
Lagomorpha,Prolagus_sardus,Prolagus_cf_P_calpensis,320,514.5,1.6078125,0.206235401,0.206235401,gigantism,Corsica: Sardinia,EX,yes,Moncunill-Solé et al. 2016a: Moncunill-Solé 2020,The ancestor of Prolagus from Sardinia is likely P. sorbinii but since no body mass estimates are available for this taxon (only unreliable teeth measurements) we used the body mass of P. cf. calpensis as mainland reference as suggested by Moncunill-Solé et al 2016a
Diprotodontia,Protemnodon_hopei,,,45000,,,,,New Guinea,EP,yes,Helgen et al. 2006: Faurby et al. 2020,
Diprotodontia,Protemnodon_nombe,,,40000,,,,,New Guinea,EP,yes,Faurby et al. 2020,
Diprotodontia,Protemnodon_tumbuna,,,50000,,,,,New Guinea,EP,yes,Faurby et al. 2020,
Chiroptera,Pteronotus_nov_sp_Hispaniola,,,10,,,,,Hispaniola,EP,yes,Turvey & Fritz 2011,
Chiroptera,Pteronotus_pristinus,,,10,,,,,Cuba,EP,yes,Turvey & Fritz 2011,
Chiroptera,Pteropus_allenorum,,,271.2,,,,,Samoa Islands,EP,yes,Faurby et al. 2020,
Chiroptera,Pteropus_brunneus,,,760,,,,,Percy Islands,EX,yes,McCreless et al. 2016,
Chiroptera,Pteropus_coxi,,,546.7,,,,,Samoa Islands,EP,yes,Faurby et al. 2020,
Chiroptera,Pteropus_pilosus,,,440,,,,,Palau,EX,yes,Faurby et al. 2020,
Chiroptera,Pteropus_subniger,,,130,,,,,Réunion: Mauritius,EX,yes,Faurby et al. 2020,
Chiroptera,Pteropus_tokudae,,340,115.886543,0.340842774,-0.467445909,0.467445909,dwarfism,Guam,EX,yes,Lomolino et al. 2013,
Rodentia,Puertoricomys_corozalus,,,730,,,,,Puerto Rico,EP,yes,Turvey & Fritz 2011,
Rodentia,Quemisia_gravis,,,4170,,,,,Hispaniola,EP,yes,Faurby et al. 2020: Turvey et al. 2021,
Rodentia,Raksasamys_tikusbesar,,,574.35,,,,,Sumba,EP,yes,Turvey et al. 2017,
Rodentia,Rattus_macleari,,,148.9,,,,,Christmas,EX,yes,Faurby et al. 2020,
Rodentia,Rattus_miyakoensis,,,510.2083204,,,,,Miyako,EP,yes,Kawaguchi et al. 2009,Mean body mass estimate based on the equation of Martin (1990) [log (body mass) = 0611 + 331 log (m1 length)] and on that of Hopkins (2008) [ln (body mass) = 26926 ln (lower tooth row length) – 02474]
Rodentia,Rattus_nativitatis,,,149.3,,,,,Christmas,EX,yes,Faurby et al. 2020,
Rodentia,Rattus_sanila,,,180,,,,,New Ireland,EP,yes,Faurby et al. 2020,
Rodentia,Rhagamys_orthodon,Rhagapodemus_ballesioi,34.17,89.82,2.628621598,0.419728072,0.419728072,gigantism,Corsica: Sardinia,EP,yes,Lomolino et al. 2013,
Rodentia,Rhizoplagiodontia_lemkei,,,1700,,,,,Hispaniola,EP,yes,Faurby et al. 2020: Turvey et al. 2021,
Artiodactyla,Rusa_kendengensis,,,90000,,,,,Java,EP,yes,Volmer et al. 2019,
Lagomorpha,Sardolagus_obscurus,,,1650,,,,,Sardinia,EP,yes,Angelone et al. 2018,
Carnivora,Sardolutra_ichnusae,Lutra_simplicidens,6370,6660,1.045525903,0.019334797,0.019334797,gigantism,Sardinia,EP,yes,Lyras et al. 2010,
Artiodactyla,Scontromeryx_apruthiensis,,,33600,,,,,Scontrone,EP,yes,Van der Geer 2014,
Artiodactyla,Scontromeryx_apulicus,,,19950,,,,,Scontrone,EP,yes,Van der Geer 2014,
Artiodactyla,Scontromeryx_falcidens,,,24800,,,,,Scontrone,EP,yes,Van der Geer 2014,
Artiodactyla,Scontromeryx_magnus,,,52100,,,,,Scontrone,EP,yes,Van der Geer 2014,
Artiodactyla,Scontromeryx_minutus,,,23750,,,,,Scontrone,EP,yes,Van der Geer 2014,
Artiodactyla,Sinomegaceros_yabei,Sinomegaceros_konwanlinensis,,818870,,,,,Honshu: Shikoku: Kyushu,EP,yes,Hayashi et al. 2020,Mean body mass estimate based on midshaft diameter of tibia and femur and equations in Scott 1990 
Eulipotyphla,Solenodon_arredondoi,,,990,,,,,Cuba,EP,yes,Turvey & Fritz 2011: Turvey et al. 2021,
Eulipotyphla,Solenodon_marcanoi,,,850,,,,,Hispaniola,EX,yes,Faurby et al. 2020: Turvey et al. 2021,
Rodentia,Solomys_spriggsarum,,,590,,,,,Buka,EP,yes,Faurby et al. 2020,
Rodentia,Spelaeomys_florensis,,,1100,,,,,Flores,EP,yes,Veatch et al. 2019,
Proboscidea,Stegodon_aurorae,Stegodon_zdanskyi,8664000,2122000,0.244921514,-0.610973064,0.610973064,dwarfism,Honshu,EP,yes,Van der Geer et al. 2016,
Proboscidea,Stegodon_florensis_florensis,Stegodon_ganesa,3327000,1703000,0.511872558,-0.290838153,0.290838153,dwarfism,Flores,EP,yes,Van der Geer et al. 2016,
Proboscidea,Stegodon_florensis_insularis,Stegodon_ganesa,3327000,569000,0.171024947,-0.766940534,0.766940534,dwarfism,Flores,EP,yes,Van der Geer et al. 2016,
Proboscidea,Stegodon_luzonensis,Stegodon_ganesa,3327000,1297530,0.39,-0.408935393,0.408935393,dwarfism,Luzon,EP,yes,Van der Geer et al. 2016,
Proboscidea,Stegodon_sompoensis,Stegodon_ganesa,3327000,1068000,0.321009919,-0.493481548,0.493481548,dwarfism,Sulawesi,EP,yes,Van der Geer et al. 2016,
Proboscidea,Stegodon_sondaari,Stegodon_elephantoides,3327000,487000,0.146378118,-0.83452384,0.83452384,dwarfism,Flores,EP,yes,Van der Geer et al. 2016,
Proboscidea,Stegodon_sp_B_Sulawesi,Stegodon_ganesa,3327000,1887000,0.567177638,-0.246280901,0.246280901,dwarfism,Sulawesi,EP,yes,Van der Geer et al. 2016,
Proboscidea,Stegodon_sumbaensis,Stegodon_ganesa,3327000,252000,0.075743913,-1.12065226,1.12065226,dwarfism,Sumba,EP,yes,Van der Geer et al. 2016,
Proboscidea,Stegodon_timorensis,Stegodon_ganesa,3327000,769000,0.231139164,-0.636126461,0.636126461,dwarfism,Timor,EP,yes,Van der Geer et al. 2016,
Proboscidea,Stegodon_trigonocephalus,Stegodon_ganesa,3327000,2171000,0.652539826,-0.185392977,0.185392977,dwarfism,Java,EP,yes,Van der Geer et al. 2016,
Rodentia,Stertomys_laticrestatus,,,458,6.4,0.806179974,0.806179974,gigantism,Gargano,EP,yes,Van den Hoek Ostende et al. 2017,
Artiodactyla,Sus_brachygnathus,,,56000,,,,,Java,EP,yes,Volmer et al. 2019,
Artiodactyla,Sus_sondaari,Sus_arvernensis,63000,40333.33333,0.64021164,-0.193676434,0.193676434,dwarfism,Sardinia,EP,yes,Lomolino et al. 2013,
Chiroptera,Synemporion_keana,,,12,,,,,Kaua i: O ahu: Moloka i: Maui: Hawai i,EX,yes,Ziegler et al. 2016,Linear measurements about 25% smaller than the Hawaiian hoary bat (16g: https://wwwfwsgov/refuge/Hakalau_Forest/wildlife_and_habitat/Hawaiian_hoary_bathtml)
Rodentia,Tainotherium_valei,,,4440,,,,,Puerto Rico,EP,yes,Turvey & Fritz 2011: Turvey et al. 2021,
Eulipotyphla,Talpa_tyrrhenica,Talpa_minor,112,130,1.160714286,0.06472533,0.06472533,gigantism,Sardinia,EP,yes,Lomolino et al. 2013,
Diprotodontia,Thylogale_christenseni,,,1821.5,,,,,New Guinea,EP,yes,Faurby et al. 2020,
Rodentia,Tragomys_macpheei,Apocricetus_alberti,,,2.24,0.350248018,0.350248018,gigantism,Mallorca,EP,yes,Torres-Roig et al. 2019a,
Chiroptera,Vulcanops_jennyworthyae,Ancestral_body_mass_for_noctilionoids_and_the_Mystacina_lineage_from_Hand_et_al._2018,12,41.2,3.433333333,0.53571597,0.53571597,gigantism,South Island (New Zealand),EP,yes,Hand et al. 2018,
Rodentia,Xaymaca_fulvopulvis,,,160,,,,,Jamaica,EP,yes,Faurby et al. 2020: Turvey et al. 2021,
Carnivora,Xenocyon_merriami,Xenocyon_lycaonoides,26580,51500,1.937547028,0.287252252,0.287252252,gigantism,Java,EP,yes,Van der Geer et al. 2018: Lyras et al. 2010,
Carnivora,Xenocyon_trinilensis,Xenocyon_lycaonoides,26580,12600,0.474040632,-0.324184431,0.324184431,dwarfism,Java,EP,yes,Van der Geer et al. 2018: Lyras et al. 2010,
Primates,Xenothrix_mcgregori,Cheracebus_(genus_mean_size),1248.216667,5680,4.550492035,0.658058359,0.658058359,gigantism,Jamaica,EX,yes,Faurby et al. 2020: Woods et al 2018: Turvey et al. 2021,
Rodentia,Zygodontomys_brevicauda,,,62.8,,,,,Carriacou: Grenada ,EP,no,Mistretta et al. 2021,Locally extinct: mean body mass estimate based on extinct populations from Grenada and Carriacou
